City,Country,Date,Lat,Lng,Cloudiness (%),Humidity (%),Max Temp (F),Wind Speed (mph)
Baykit,RU,1667600675,61.67,96.37,92,99,7.95,2.55
Ryōtsu-minato,JP,1667600428,38.0833,138.4333,81,59,51.67,9.4
Kaitangata,NZ,1667600675,-46.2817,169.8464,83,76,47.89,12.84
Bluff,NZ,1667600676,-46.6,168.3333,95,63,50.22,24.76
Mataura,NZ,1667600676,-46.1927,168.8643,97,70,49.17,10.16
Hermanus,ZA,1667600676,-34.4187,19.2345,76,90,64.8,9.15
Sungai Penuh,ID,1667601027,-2.0833,101.3833,100,93,64.85,1.16
Torbay,CA,1667600677,47.6666,-52.7314,40,94,44.49,8.05
San Patricio,US,1667600677,28.017,-97.5169,59,73,86.54,19.3
Bengkulu,ID,1667600677,-3.8004,102.2655,100,87,75.65,2.42
Hong Kong,HK,1667600678,22.2855,114.1577,88,85,71.33,11.99
Naze,JP,1667601028,28.3667,129.4833,21,65,63.52,14.5
Ambur,IN,1667601029,12.7833,78.7,39,98,69.26,1.9
Sawtell,AU,1667601030,-30.3833,153.1,75,82,65.19,9.22
Barrow,US,1667601030,71.2906,-156.7887,100,79,17.62,14.97
New Norfolk,AU,1667601032,-42.7826,147.0587,31,55,59.72,1.72
Jumla,NP,1667601032,29.2747,82.1838,0,71,43.84,4.72
Igarka,RU,1667600679,67.4667,86.5833,100,95,10.83,9.82
Tuktoyaktuk,CA,1667600680,69.4541,-133.0374,75,79,10.4,6.91
Punta Arenas,CL,1667600680,-53.15,-70.9167,75,72,57.31,16.11
Vaini,TO,1667600680,-21.2,-175.2,20,74,80.76,9.22
Santa Cruz Cabrália,BR,1667600680,-16.2781,-39.0247,100,94,66.43,9.22
Cutlerville,US,1667600680,42.8409,-85.6636,100,85,67.1,7.0
Luanda,AO,1667600681,-8.8368,13.2343,75,83,78.8,6.91
Valparaíso,CL,1667600681,-33.0393,-71.6273,75,72,61.03,9.22
Ilulissat,GL,1667600681,69.2167,-51.1,75,100,28.42,9.22
Ostrovnoy,RU,1667600681,68.0531,39.5131,100,96,36.99,11.3
Cayenne,GF,1667600682,4.9333,-52.3333,0,100,75.24,1.14
Port Moresby,PG,1667600682,-9.4431,147.1797,20,70,83.62,4.61
Sorong,ID,1667600682,-0.8833,131.25,100,84,79.23,4.03
Kavieng,PG,1667600682,-2.5744,150.7967,67,71,83.89,5.21
Carutapera,BR,1667600682,-1.195,-46.02,73,90,76.41,5.64
Bredasdorp,ZA,1667600683,-34.5322,20.0403,62,96,61.27,3.67
Grindavik,IS,1667600683,63.8424,-22.4338,75,81,45.07,25.32
Yellowknife,CA,1667600683,62.456,-114.3525,75,79,14.52,12.66
Harrison,US,1667600683,30.4091,-89.0436,100,82,75.27,17.27
Ponta do Sol,PT,1667600683,32.6667,-17.1,10,87,72.01,2.19
Busselton,AU,1667600684,-33.65,115.3333,0,89,50.92,8.16
Cidreira,BR,1667600684,-30.1811,-50.2056,2,72,62.46,8.34
Djibouti,DJ,1667600684,11.5,42.5,12,78,72.99,11.54
Leningradskiy,RU,1667600684,69.3833,178.4167,76,93,-3.24,5.7
East London,ZA,1667600684,-33.0153,27.9116,98,88,66.4,5.57
Hithadhoo,MV,1667600685,-0.6,73.0833,100,75,81.07,10.85
Shitanjing,CN,1667600685,39.2342,106.3439,1,50,34.27,7.09
Ndélé,CF,1667600685,8.4109,20.6473,90,44,72.72,1.39
Clyde River,CA,1667600685,70.4692,-68.5914,0,65,-0.17,5.75
Mount Isa,AU,1667600686,-20.7333,139.5,0,27,76.77,10.36
Aklavik,CA,1667600686,68.2191,-135.0107,100,94,10.38,11.05
Rikitea,PF,1667600686,-23.1203,-134.9692,0,68,70.75,13.13
Abu Samrah,SY,1667600686,35.3029,37.1841,0,69,60.48,2.75
Albany,US,1667600686,42.6001,-73.9662,71,65,65.05,4.79
Kattivākkam,IN,1667600687,13.2167,80.3167,9,82,78.89,9.26
San Jerónimo,PE,1667600687,-11.9472,-75.2829,56,59,59.38,3.31
Broken Hill,AU,1667600687,-31.95,141.4333,10,43,62.94,10.29
Saint-Philippe,RE,1667600415,-21.3585,55.7679,8,86,69.39,5.61
Bethel,US,1667600687,41.3712,-73.414,0,65,66.29,5.75
Tuatapere,NZ,1667600688,-46.1333,167.6833,88,56,52.14,13.91
Ushuaia,AR,1667600590,-54.8,-68.3,100,93,44.26,10.36
Howick,ZA,1667600688,-29.4779,30.2306,99,85,57.49,4.07
Castro,BR,1667600598,-24.7911,-50.0119,80,68,55.94,10.29
Oltu,TR,1667600688,40.5498,42.0013,13,87,41.13,1.14
Faanui,PF,1667600689,-16.4833,-151.75,99,89,75.4,24.52
Bambous Virieux,MU,1667600689,-20.3428,57.7575,75,88,71.85,2.3
Griffin,US,1667600689,33.2468,-84.2641,0,49,74.71,6.91
Klaksvík,FO,1667600689,62.2266,-6.589,100,92,43.72,23.22
La Estrella,CO,1667600690,6.1577,-75.6432,100,87,69.22,9.22
Faya,SA,1667600690,18.3851,42.4509,11,76,63.12,3.62
Saskylakh,RU,1667600690,71.9167,114.0833,100,97,-1.97,9.26
Ozinki,RU,1667600521,51.1786,49.6769,100,93,35.74,2.06
Chokurdakh,RU,1667600690,70.6333,147.9167,99,96,-17.19,2.39
Fortuna,US,1667600690,40.5982,-124.1573,100,87,60.93,3.0
Lebu,CL,1667600691,-37.6167,-73.65,100,79,55.76,6.67
Kapaa,US,1667600691,22.0752,-159.319,0,74,85.48,8.05
Atuona,PF,1667600691,-9.8,-139.0333,3,79,77.59,18.23
Banda Aceh,ID,1667600652,5.5577,95.3222,100,85,77.25,9.64
Zvishavane,ZW,1667600692,-20.3267,30.0665,87,63,73.58,3.4
Muyezerskiy,RU,1667600692,63.9333,31.65,100,94,36.48,6.78
Medicine Hat,CA,1667600693,50.0501,-110.6683,75,65,39.63,10.36
Okato,NZ,1667600693,-39.2,173.8833,39,62,61.68,16.33
Borisoglebskiy,RU,1667600693,57.2586,39.1508,100,87,32.09,4.18
Hobart,AU,1667600694,-42.8794,147.3294,40,75,60.06,0.0
São Filipe,CV,1667600598,14.8961,-24.4956,100,62,80.69,8.16
Ambon City,ID,1667600694,-3.6954,128.1814,20,88,77.14,5.75
Cliza,BO,1667600694,-17.6,-65.9333,0,27,73.29,11.61
Butaritari,KI,1667600694,3.0707,172.7902,92,73,79.65,5.82
Constitución,CL,1667600695,-35.3333,-72.4167,98,72,55.71,5.59
Freeport,US,1667600695,40.6576,-73.5832,0,83,66.56,5.75
Dali,CN,1667600695,25.7,100.1833,7,83,48.09,1.52
Salym,RU,1667600695,60.0625,71.4789,100,97,33.67,9.69
Khatanga,RU,1667600695,71.9667,102.5,84,100,-16.55,1.74
Alofi,NU,1667600696,-19.0595,-169.9187,40,74,80.49,18.41
Tibú,CO,1667600696,8.639,-72.7358,75,86,80.04,2.24
Portland,US,1667600643,45.5234,-122.6762,100,93,57.24,23.02
Ikalamavony,MG,1667600696,-21.15,46.5833,92,71,68.9,2.98
Victor Harbor,AU,1667600696,-35.5667,138.6167,67,78,63.68,8.9
Jamestown,US,1667600463,42.097,-79.2353,0,59,69.39,13.8
Upernavik,GL,1667600697,72.7868,-56.1549,100,94,25.25,20.31
Elk Plain,US,1667600697,47.0532,-122.3976,100,90,56.53,16.11
Tezu,IN,1667600697,27.9167,96.1667,0,52,64.06,4.16
Lavrentiya,RU,1667600697,65.5833,-171.0,88,78,13.84,9.26
Bollnäs,SE,1667600698,61.3482,16.3946,100,96,41.23,4.68
Bereket,TM,1667600698,39.2446,55.5154,16,57,53.28,13.15
Hilo,US,1667600698,19.7297,-155.09,75,92,75.61,8.05
Sobolevo,RU,1667600698,54.4299,31.8996,19,80,28.94,5.44
Cape Town,ZA,1667600416,-33.9258,18.4232,0,82,66.9,11.5
Puerto Ayora,EC,1667600699,-0.7393,-90.3518,75,77,76.96,12.15
Iracoubo,GF,1667600699,5.4802,-53.2011,98,86,77.52,4.97
Dikson,RU,1667600699,73.5069,80.5464,100,96,23.31,4.5
Sitka,US,1667600699,57.0531,-135.33,40,70,42.69,3.44
Álamos,MX,1667600699,27.0167,-108.9333,0,22,78.93,5.55
George Town,MY,1667600700,5.4112,100.3354,20,90,80.24,0.0
Changji,CN,1667600700,44.0167,87.3167,0,75,39.99,4.47
Hammerfest,NO,1667600456,70.6634,23.6821,75,87,37.85,0.0
Ouango,CF,1667600700,4.3133,22.5552,94,99,69.42,2.35
Remedios,CU,1667600700,22.4947,-79.5458,13,69,81.52,10.2
Port Alfred,ZA,1667600701,-33.5906,26.891,93,95,67.17,1.01
Longonjo,AO,1667600701,-12.9067,15.2533,87,86,66.34,1.12
Port-Gentil,GA,1667600701,-0.7193,8.7815,40,89,80.56,5.75
Port Elizabeth,ZA,1667600701,-33.918,25.5701,100,88,66.49,0.0
Hammonton,US,1667600702,39.6365,-74.8024,22,85,71.31,5.57
Dīglūr,IN,1667600702,18.55,77.6,0,66,63.97,2.19
Talcahuano,CL,1667600424,-36.7167,-73.1167,100,76,55.08,6.91
Norman Wells,CA,1667600702,65.282,-126.8329,75,72,8.64,13.8
Saint Paul Harbor,US,1667600703,57.79,-152.4072,0,41,36.91,10.36
Jiwani,PK,1667600703,25.05,61.7417,95,65,79.12,5.03
Nikolskoye,RU,1667600703,59.7035,30.7861,24,87,26.49,3.36
Eureka,US,1667600704,40.8021,-124.1637,100,94,61.2,3.0
Shache,CN,1667600704,38.4167,77.2406,66,35,46.17,4.92
Peniche,PT,1667600705,39.3558,-9.3811,84,89,53.92,12.55
Bima,ID,1667600705,-8.4667,118.7167,100,91,77.79,3.29
Awjilah,LY,1667600705,29.1081,21.2869,0,50,64.36,1.19
Caravelas,BR,1667600705,-17.7125,-39.2481,100,68,70.9,15.5
Bathsheba,BB,1667600705,13.2167,-59.5167,40,89,79.41,5.75
Avarua,CK,1667600706,-21.2078,-159.775,75,73,77.05,14.97
Khani,GE,1667600706,41.9563,42.9566,86,93,42.37,1.61
Magadan,RU,1667600675,59.5667,150.8,100,94,22.53,10.71
Dingle,PH,1667600706,10.9995,122.6711,94,94,75.69,6.35
Aparan,AM,1667600706,40.5932,44.3589,39,71,27.1,4.65
Marsá Maţrūḩ,EG,1667600707,31.3525,27.2453,0,67,61.0,0.0
Acajutla,SV,1667600707,13.5928,-89.8275,89,74,82.74,2.55
Pevek,RU,1667600708,69.7008,170.3133,12,92,-11.33,4.09
Lata,PT,1667600708,40.1629,-8.3327,77,77,49.08,2.82
Vao,NC,1667600708,-22.6667,167.4833,38,85,75.61,20.96
Katastari,GR,1667600708,37.8333,20.7667,0,73,58.89,8.14
Iskateley,RU,1667600709,67.6803,53.1512,100,96,28.87,10.98
Honiara,SB,1667600709,-9.4333,159.95,44,73,83.17,3.33
Philadelphia,US,1667600710,39.9523,-75.1638,20,76,70.56,1.99
Bouca,CF,1667600710,6.5105,18.2733,80,81,69.98,2.84
Longyearbyen,SJ,1667600710,78.2186,15.6401,75,86,30.04,5.75
Roald,NO,1667600710,62.5833,6.1333,75,100,51.17,3.44
Bosaso,SO,1667600710,11.2842,49.1816,0,76,77.65,1.61
Adrar,MR,1667600711,20.5022,-10.0711,0,14,74.57,10.36
Sioux Lookout,CA,1667600711,50.1001,-91.917,40,69,30.27,5.75
Bundaberg,AU,1667600711,-24.85,152.35,83,65,75.22,1.99
Coari,BR,1667600712,-4.085,-63.1414,74,73,78.26,2.77
Pemangkat,ID,1667600712,1.1667,108.9667,84,80,76.35,4.7
Kingisepp,RU,1667600712,59.3733,28.6134,13,84,30.13,4.5
Havelock,US,1667600713,34.8791,-76.9013,75,91,73.99,1.99
Provideniya,RU,1667600713,64.3833,-173.3,11,80,13.44,8.63
Taoudenni,ML,1667600713,22.6783,-3.9836,0,14,79.47,11.77
Teknāf,BD,1667600713,20.8624,92.3058,1,86,72.63,4.12
La Palma,US,1667600714,33.8464,-118.0467,40,42,74.44,9.22
Esso,RU,1667600714,55.9333,158.7,7,88,12.02,4.9
Thompson,CA,1667600714,55.7435,-97.8558,100,86,19.56,6.91
Bereda,ES,1667600715,43.2686,-7.5406,17,100,44.42,0.87
Province of Mantua,IT,1667600715,45.1667,10.7833,3,86,52.75,1.99
Berlevåg,NO,1667600715,70.8578,29.0864,75,81,39.2,9.22
Charlestown,AU,1667600715,-32.95,151.6667,0,74,69.08,1.99
Contamana,PE,1667600716,-7.3333,-75.0167,67,31,90.88,2.95
Estelle,US,1667600716,29.8458,-90.1067,75,78,81.0,16.11
Penzance,GB,1667600642,50.1186,-5.5371,99,79,54.28,13.47
Matamoros,MX,1667600716,25.5333,-103.25,40,10,91.51,9.22
Khovd,MN,1667600717,48.0056,91.6419,40,73,21.88,0.45
Mut,TR,1667600707,36.6439,33.4389,0,41,60.76,2.8
Mossamedes,AO,1667600717,-15.1961,12.1522,19,76,65.98,9.51
Hudson Bay,CA,1667600718,52.85,-102.3842,28,55,35.17,6.02
Irtyshskiy,RU,1667600718,58.3333,68.1333,100,98,33.58,11.16
Zemio,CF,1667600718,5.0314,25.1361,98,96,69.67,2.53
Qaanaaq,GL,1667600718,77.484,-69.3632,87,73,22.28,7.11
‘Āhuimanu,US,1667600719,21.4447,-157.8378,75,74,87.51,13.8
Inhambane,MZ,1667600719,-23.865,35.3833,99,85,75.54,11.61
Kloulklubed,PW,1667600719,7.0419,134.2556,100,72,77.5,7.9
Carnarvon,AU,1667600719,-24.8667,113.6333,0,72,65.53,21.56
Shinshiro,JP,1667600719,34.9,137.5,21,57,58.37,4.54
Mahébourg,MU,1667600720,-20.4081,57.7,75,88,71.89,2.3
Ribeira Grande,PT,1667600720,38.5167,-28.7,75,88,66.6,11.01
Uwajima,JP,1667600720,33.2238,132.56,8,75,52.95,8.34
Chicama,PE,1667600720,-7.8447,-79.1469,30,69,63.14,8.95
Bowen,AU,1667600721,-20.0167,148.2333,0,53,77.54,16.22
Myaundzha,RU,1667600721,63.0494,147.1858,94,98,-4.22,4.25
Kansanshi,ZM,1667600721,-12.0951,26.4273,95,89,62.15,2.21
Arraial do Cabo,BR,1667600721,-22.9661,-42.0278,75,82,64.26,6.91
Yangi Marg`ilon,UZ,1667600721,40.4272,71.7189,75,87,52.52,2.3
Laas,IT,1667600722,46.6166,10.7002,59,94,41.88,7.18
Muros,ES,1667600722,42.7762,-9.0603,11,93,48.09,5.06
Salalah,OM,1667600627,17.0151,54.0924,0,69,75.29,4.61
Ancud,CL,1667600722,-41.8697,-73.8203,100,85,54.61,7.99
Ampanihy,MG,1667600722,-24.7,44.75,94,77,72.3,7.18
Codrington,AU,1667600723,-38.2667,141.9667,2,80,54.93,8.34
Hołoby,UA,1667600723,51.0865,25.0077,58,80,43.05,10.25
Aksarka,RU,1667600723,66.5606,67.7975,33,86,8.74,8.68
Bredy,RU,1667600723,52.4153,60.3411,13,90,23.63,12.82
Nhulunbuy,AU,1667600724,-12.2333,136.7667,40,74,84.81,5.75
Barrhead,GB,1667600724,55.7992,-4.3929,75,89,48.06,5.75
Znamenskoye,RU,1667600724,57.1281,73.8282,100,72,37.27,15.32
Panlaitan,PH,1667600724,12.1191,119.8486,61,77,81.5,3.89
Puerto Princesa City,PH,1667600573,9.7392,118.7353,40,89,78.78,4.61
Makakilo City,US,1667600724,21.3469,-158.0858,0,63,86.32,13.8
Nayoro,JP,1667600725,44.3506,142.4578,86,94,34.2,6.87
Talnakh,RU,1667600725,69.4865,88.3972,100,94,15.21,12.37
Kenai,US,1667600725,60.5544,-151.2583,0,70,28.49,4.61
Ankang,CN,1667600726,32.68,109.0172,98,85,52.79,3.06
Slave Lake,CA,1667600726,55.2834,-114.769,100,48,39.18,4.61
Te Anau,NZ,1667600726,-45.4167,167.7167,14,52,51.69,4.79
Pergamino,AR,1667600726,-33.89,-60.5736,8,24,75.18,13.56
Shingū,JP,1667600726,33.7333,135.9833,1,73,52.9,5.32
Ayan,RU,1667600726,56.45,138.1667,94,51,23.32,18.59
Geraldton,AU,1667600727,-28.7667,114.6,0,87,52.21,5.75
Darasun,RU,1667600727,51.6667,114.0,86,96,10.8,1.68
Sarangani,PH,1667600727,5.4033,125.4636,100,76,83.41,14.36
Honningsvåg,NO,1667600727,70.9821,25.9704,0,87,40.75,20.71
Sept-Îles,CA,1667600728,50.2001,-66.3821,75,91,42.06,5.75
Quatre Cocos,MU,1667600728,-20.2078,57.7625,89,81,71.71,4.05
Nago,JP,1667600728,26.5881,127.9761,76,71,72.45,11.45
Cabo San Lucas,MX,1667600728,22.8909,-109.9124,20,62,83.05,3.44
Guerrero Negro,MX,1667600729,27.9769,-114.0611,2,29,73.4,9.98
Sibolga,ID,1667600729,1.7427,98.7792,100,90,73.94,1.57
Iqaluit,CA,1667600637,63.7506,-68.5145,75,63,20.93,6.91
Biak,ID,1667600730,-0.9131,122.8766,94,84,76.28,3.15
Oktyabr'skoye,RU,1667600730,43.0645,44.7417,100,100,37.54,2.24
Rognan,NO,1667600730,67.0953,15.3878,100,88,50.56,7.34
Port Macquarie,AU,1667600730,-31.4333,152.9167,41,68,63.72,3.47
Neyshabur,IR,1667600731,36.2133,58.7958,10,56,52.39,1.83
Nishihara,JP,1667600731,26.1842,127.7558,75,71,71.65,18.41
Chui,UY,1667600731,-33.6971,-53.4616,5,83,57.85,8.7
Necochea,AR,1667600732,-38.5473,-58.7368,0,57,64.38,19.73
Itoman,JP,1667600733,26.1247,127.6694,75,70,72.37,18.41
Alice Springs,AU,1667600733,-23.7,133.8833,0,29,63.95,5.75
Zyryanka,RU,1667600643,65.75,150.85,53,97,-13.11,7.56
Tiksi,RU,1667600733,71.6872,128.8694,95,96,-2.0,3.09
Jiaozuo,CN,1667600734,35.2397,113.2331,1,56,48.45,1.14
Stephenville,US,1667600520,32.2207,-98.2023,0,48,68.76,14.97
Biltine,TD,1667600734,14.5333,20.9167,99,16,74.35,7.34
Tual,ID,1667600734,-5.6667,132.75,79,72,84.6,11.21
Batagay,RU,1667600735,67.6333,134.6333,61,97,-15.47,3.04
Narsaq,GL,1667600735,60.9167,-46.05,87,68,46.62,7.74
Chickasha,US,1667600735,35.0526,-97.9364,100,93,44.91,18.41
Verkhoyansk,RU,1667600443,67.5447,133.385,83,100,-16.46,0.92
Albion,US,1667600446,42.2431,-84.753,40,60,71.55,16.11
Danielskuil,ZA,1667600736,-28.1887,23.5395,0,26,62.67,3.76
Carlsbad,US,1667600736,33.1581,-117.3506,0,41,74.26,11.5
Insar,RU,1667600737,53.8653,44.3738,100,99,33.28,4.23
Dunmore Town,BS,1667600737,25.5,-76.65,1,69,78.76,18.43
Trelew,AR,1667600738,-43.249,-65.3051,27,13,87.1,30.56
Ola,RU,1667600738,59.5833,151.2833,100,94,23.14,10.4
Huntington,US,1667600738,38.4193,-82.4452,0,47,76.1,8.05
Severnyy,RU,1667600738,50.677,36.5532,100,100,33.84,4.47
Tarauacá,BR,1667600738,-8.1614,-70.7656,79,42,82.15,0.83
Wuwei,CN,1667600739,37.9281,102.6414,71,46,35.64,3.6
Maniitsoq,GL,1667600739,65.4167,-52.9,100,69,27.66,6.44
Iralaya,HN,1667600739,15.0,-83.2333,60,78,82.58,5.1
Cabimas,VE,1667600739,10.3883,-71.4399,96,75,83.28,0.94
Pangody,RU,1667600740,65.85,74.4859,97,98,11.88,6.44
Fuyu,CN,1667600740,45.1833,124.8167,8,52,25.32,6.13
St-Jean-Port-Joli,CA,1667600740,47.2171,-70.2658,80,77,60.4,18.07
Byron Bay,AU,1667600740,-28.65,153.6167,21,70,68.94,8.39
Brufut,GM,1667600710,13.3814,-16.7518,0,83,73.49,0.0
Saint George,US,1667600741,37.1041,-113.5841,0,26,58.42,5.99
Dédougou,BF,1667600741,12.4667,-3.4667,73,23,81.19,5.23
Vanavara,RU,1667600741,60.34,102.2797,88,99,8.65,3.6
Kamaishi,JP,1667600741,39.2667,141.8833,33,69,44.04,5.01
Daliao,PH,1667600741,5.8611,124.9533,100,81,80.24,5.44
Phan Thiet,VN,1667600741,10.9333,108.1,100,89,73.65,6.42
Normandin,CA,1667600742,48.8333,-72.5321,99,63,61.11,13.8
Nouadhibou,MR,1667600743,20.931,-17.0347,0,68,71.58,12.66
Rome,US,1667600743,43.2128,-75.4557,0,52,66.34,5.75
Redmond,US,1667600627,47.674,-122.1215,100,90,60.22,15.99
Tutin,RS,1667600743,42.9903,20.3314,100,80,51.19,4.43
Abnūb,EG,1667600744,27.2696,31.1511,56,45,66.42,8.95
Kadoma,JP,1667600744,34.7333,135.5833,20,77,58.98,3.44
Lüderitz,NA,1667600744,-26.6481,15.1594,3,84,61.0,3.42
União,BR,1667600744,-4.5858,-42.8642,100,96,73.67,3.24
Misratah,LY,1667600744,32.3754,15.0925,0,48,71.08,16.22
Lompoc,US,1667600745,34.6391,-120.4579,0,39,68.94,18.41
Half Moon Bay,US,1667600745,37.4636,-122.4286,75,68,67.59,4.61
Ormara,PK,1667600745,25.2088,64.6357,100,68,78.73,13.49
Dunedin,NZ,1667600746,-45.8742,170.5036,24,43,57.79,14.0
Sola,VU,1667600746,-13.8833,167.55,27,67,80.98,4.52
Sampit,ID,1667600746,-2.5333,112.95,100,96,73.81,1.03
Airai,TL,1667600746,-8.9266,125.4092,76,78,62.47,1.97
Catacamas,HN,1667600747,14.8,-85.9,40,70,91.81,0.0
Elko,US,1667600747,41.0002,-115.5012,100,82,37.06,11.01
Leirvik,NO,1667600747,59.7798,5.5005,100,88,47.62,6.78
Kruisfontein,ZA,1667600747,-34.0033,24.7314,100,95,62.89,0.4
Meulaboh,ID,1667600747,4.1363,96.1285,100,91,74.62,4.25
Nuevo Progreso,MX,1667600747,23.1667,-97.95,2,51,88.54,4.0
Nipawin,CA,1667600748,53.3668,-104.0009,0,80,30.24,8.05
Madimba,TZ,1667600682,-10.4,40.3333,20,84,75.52,7.45
Umluj,SA,1667600748,25.0213,37.2685,78,62,75.49,1.61
Carballo,ES,1667600748,43.213,-8.691,17,90,51.91,2.84
Río Gallegos,AR,1667600749,-51.6226,-69.2181,99,46,68.16,17.92
Tavrichanka,RU,1667600749,43.3378,131.8639,0,40,15.66,1.41
Muhos,FI,1667600749,64.808,25.9931,100,95,42.58,6.64
Swabi,PK,1667600750,34.1199,72.4699,100,42,71.06,4.23
South Venice,US,1667600750,27.0531,-82.4243,17,64,82.98,1.99
Morganton,US,1667600751,35.7454,-81.6848,40,74,70.47,1.01
Kamenka,RU,1667600751,51.3223,42.7678,100,99,33.94,3.42
Narrabri,AU,1667600751,-30.3167,149.7833,62,66,66.52,3.0
Narasannapeta,IN,1667600751,18.4167,84.05,0,84,71.67,5.01
Kuandian,CN,1667600752,40.7286,124.7847,0,47,29.16,1.9
Ankazoabo,MG,1667600752,-22.2833,44.5167,99,67,73.98,3.56
Yulara,AU,1667600752,-25.2406,130.9889,0,25,69.01,15.73
Nizwá,OM,1667600752,22.9333,57.5333,25,37,71.06,1.72
Harper,LR,1667600752,4.375,-7.7169,100,85,78.26,7.02
Egvekinot,RU,1667600752,66.3167,-179.1667,1,71,3.18,4.92
Caçapava do Sul,BR,1667600753,-30.5122,-53.4914,1,67,57.18,9.24
Olafsvik,IS,1667600753,64.8945,-23.7142,100,75,42.51,16.42
Māgadi,IN,1667600753,12.9667,77.2333,67,97,63.97,7.02
Namatanai,PG,1667600753,-3.6667,152.4333,100,70,83.73,2.13
Hamilton,US,1667600745,39.1834,-84.5333,0,54,73.76,16.11
San Miguel de Tucumán,AR,1667600754,-26.8241,-65.2226,0,15,84.2,12.66
Poronaysk,RU,1667600754,49.2167,143.1167,11,73,29.48,9.37
Hoshcha,UA,1667600755,50.6003,26.6744,60,80,40.15,8.34
Sheffield,GB,1667600683,53.383,-1.4659,15,87,47.14,1.01
Lima,PE,1667600587,-12.0432,-77.0282,0,63,64.65,13.8
Vila Velha,BR,1667600755,-20.3297,-40.2925,20,81,69.75,14.97
Songea,TZ,1667600756,-10.6833,35.65,2,58,66.79,5.28
Harrismith,ZA,1667600756,-28.2728,29.1295,91,95,53.33,3.18
Pangkalanbuun,ID,1667600756,-2.6833,111.6167,100,97,74.05,1.52
Bachi-Yurt,RU,1667600756,43.22,46.2,100,72,44.13,2.48
Puerto Colombia,CO,1667600756,10.9878,-74.9547,100,82,82.49,11.43
Billings Metropolitan Area,US,1667600756,45.7833,-108.5007,75,32,51.3,14.0
Teya,RU,1667600757,60.3778,92.6267,100,96,26.58,2.33
New Pitsligo,GB,1667600757,57.5948,-2.1961,47,1,44.96,13.49
Valentín Gómez Farías,MX,1667600757,28.2167,-106.5833,0,17,70.12,19.1
Shenjiamen,CN,1667600757,29.9576,122.298,69,62,59.22,16.11
Los Llanos de Aridane,ES,1667600757,28.6585,-17.9182,100,82,69.55,11.5
Hay River,CA,1667600758,60.8156,-115.7999,100,79,19.38,14.97
Severo-Kuril'sk,RU,1667600758,50.6789,156.125,35,72,37.76,11.45
Jalu,LY,1667600758,29.0331,21.5482,0,53,64.18,0.94
Bulgan,MN,1667600629,48.8125,103.5347,99,57,24.4,1.79
Skibbereen,IE,1667600758,51.55,-9.2667,100,91,54.1,16.02
Noumea,NC,1667600759,-22.2763,166.4572,88,99,81.0,15.7
Qaqortoq,GL,1667600759,60.7167,-46.0333,85,69,30.04,8.48
Aykhal,RU,1667600759,66.0,111.5,97,94,8.06,12.59
Fairbanks,US,1667600666,64.8378,-147.7164,100,85,15.1,0.0
Mehrān,IR,1667600759,33.1222,46.1646,0,26,64.53,4.72
Poieni,RO,1667600760,46.9167,22.9,92,67,50.23,3.87
Antofagasta,CL,1667600760,-23.65,-70.4,4,71,61.88,6.73
Ruteng,ID,1667600760,-8.6136,120.4721,99,90,63.52,1.43
Iroquois Falls,CA,1667600760,48.7669,-80.6831,100,84,57.31,9.71
Uglovoye,UA,1667600761,44.8215,33.6045,71,69,50.38,5.75
Kyabram,AU,1667600761,-36.3167,145.05,28,76,58.23,5.66
Cherskiy,RU,1667600761,68.75,161.3,51,75,-4.43,6.51
Kalmunai,LK,1667600761,7.4167,81.8167,98,92,75.33,7.05
Ust-Kuyga,RU,1667600762,70.0167,135.6,100,100,-8.86,2.77
Mayo,US,1667600762,38.8876,-76.5119,0,84,71.55,1.01
Severnyy-Kospashskiy,RU,1667600762,59.0925,57.8008,64,97,15.37,1.97
Balikpapan,ID,1667600762,-1.2675,116.8289,40,100,76.19,3.44
Katsuura,JP,1667600762,35.1333,140.3,100,69,58.75,16.11
Nome,US,1667600762,64.5011,-165.4064,0,63,21.27,9.22
Kiryat Gat,IL,1667600763,31.61,34.7642,48,61,64.81,5.23
Kuusamo,FI,1667600763,65.9667,29.1833,100,100,37.44,10.36
Laguna,US,1667600763,38.421,-121.4238,0,41,66.31,4.61
Muisne,EC,1667600763,0.6,-80.0333,97,78,74.64,10.94
Kédougou,SN,1667600764,12.5579,-12.1743,97,31,79.27,2.8
Toledo,ES,1667600764,39.8333,-4.0,73,44,55.31,1.95
Nyagan,RU,1667600764,62.1406,65.3936,87,99,17.98,3.74
Erenhot,CN,1667600765,43.6475,111.9767,0,47,29.82,9.19
Zaysan,KZ,1667600765,47.4667,84.8667,43,46,41.43,2.01
Qinhuangdao,CN,1667600765,39.9317,119.5883,0,28,40.84,8.88
Nanortalik,GL,1667600765,60.1432,-45.2371,81,74,33.13,6.6
Sur,OM,1667600765,22.5667,59.5289,74,53,78.03,8.63
Andenes,NO,1667600766,69.3143,16.1194,0,87,42.78,10.36
Jacona,US,1667600767,35.8906,-106.0422,71,50,45.64,1.99
Ketchikan,US,1667600767,55.3422,-131.6461,75,81,41.47,8.05
Mar del Plata,AR,1667600768,-38.0023,-57.5575,0,83,59.83,25.01
Sabang,ID,1667600768,5.8933,95.3214,100,80,79.38,13.58
Japura,ID,1667600549,-0.3167,102.35,100,99,71.91,3.02
Nemuro,JP,1667600768,43.3236,145.575,3,57,42.04,8.48
Kachīry,KZ,1667600768,53.0675,76.1036,100,68,39.67,19.44
Long Xuyen,VN,1667600769,10.3833,105.4167,71,95,75.15,6.69
Fenoarivo,MG,1667600769,-18.933,47.4354,75,100,64.47,3.44
Hasaki,JP,1667600770,35.7333,140.8333,98,57,54.21,15.66
Verkhnyaya Sinyachikha,RU,1667600770,57.976,61.6673,100,94,27.61,13.04
Klin,RU,1667600770,56.3333,36.7333,98,98,31.06,3.15
Gaoua,BF,1667600770,10.2992,-3.2508,72,31,78.39,2.26
Palmer,US,1667600577,42.1584,-72.3287,75,64,65.75,11.5
Arrecife,ES,1667600771,28.963,-13.5477,20,73,69.78,9.22
Husavik,IS,1667600692,66.0449,-17.3389,100,81,36.66,7.36
Panama City,PA,1667600771,8.9936,-79.5197,40,87,79.45,8.05
Campoverde,PE,1667600771,-8.4753,-74.8058,31,31,87.49,1.54
Pueblo Nuevo,MX,1667600771,23.3833,-105.3833,0,35,66.72,6.76
Feijó,BR,1667600771,-8.1642,-70.3536,58,42,82.08,0.2
Amga,RU,1667600771,60.8953,131.9608,95,100,-15.54,2.95
Tubualá,PA,1667600772,9.5167,-79.0333,100,89,76.87,13.33
Bahía Blanca,AR,1667600773,-38.7196,-62.2724,89,28,79.45,11.63
Auki,SB,1667600774,-8.7676,160.7034,43,70,83.64,1.07
Cămărzana,RO,1667600774,48.0,23.3167,97,68,52.83,4.54
Kumul,CN,1667600774,42.8,93.45,64,26,45.34,6.22
Beloha,MG,1667600774,-25.1667,45.05,98,84,71.83,11.52
Lagoa,PT,1667600774,39.05,-27.9833,100,82,63.72,8.52
Port Hardy,CA,1667600774,50.6996,-127.4199,100,100,42.98,5.75
Srednekolymsk,RU,1667600775,67.45,153.6833,57,96,-21.15,1.36
Buraidah,SA,1667600559,26.326,43.975,88,34,70.25,9.55
Qingyuan,CN,1667600775,23.7,113.0333,100,90,62.58,5.66
Marzuq,YE,1667600775,14.4,46.4667,2,67,67.01,1.68
New Castle,US,1667600776,41.0037,-80.347,0,51,70.88,4.61
Tasiilaq,GL,1667600776,65.6145,-37.6368,100,87,32.16,22.32
Verkhotur'ye,RU,1667600776,58.8627,60.8054,100,92,23.34,11.95
Hualmay,PE,1667600776,-11.0964,-77.6139,7,74,66.24,11.95
Lhokseumawe,ID,1667600776,5.1801,97.1507,100,86,76.21,5.21
Araguaçu,BR,1667600776,-12.9306,-49.8264,97,61,79.81,1.03
Ukiah,US,1667600777,39.1502,-123.2078,75,63,68.43,3.0
Waliso,ET,1667600692,8.5333,37.9833,1,69,55.98,9.62
Petropavlovsk-Kamchatskiy,RU,1667600477,53.0452,158.6483,40,100,28.99,2.24
Derzhavīnsk,KZ,1667600777,51.1,66.3167,40,85,27.16,24.2
Hurghada,EG,1667600646,27.2574,33.8129,0,43,71.64,9.22
Suntar,RU,1667600778,62.1444,117.6319,100,93,15.48,7.27
Salinas,US,1667600778,36.6777,-121.6555,0,42,67.98,9.22
Lakes Entrance,AU,1667600778,-37.8811,147.981,69,73,64.17,3.06
Ávato,GR,1667600779,40.9667,24.8,89,81,60.94,2.35
Bonavista,CA,1667600779,48.6499,-53.1147,65,81,42.01,4.03
Monforte de Lemos,ES,1667600780,42.5216,-7.5142,20,89,48.58,1.83
Rabo de Peixe,PT,1667600780,37.8,-25.5833,75,100,70.29,5.75
Arrondissement de Poitiers,FR,1667600721,46.5833,0.3333,0,59,43.25,5.75
Alghero,IT,1667600781,40.5589,8.3181,75,87,53.69,8.05
Vardø,NO,1667600781,70.3705,31.1107,100,87,37.38,14.97
Souillac,MU,1667600781,-20.5167,57.5167,75,88,71.98,2.3
Riyadh,SA,1667600539,24.6877,46.7219,75,47,71.74,7.36
Cabra,ES,1667600781,37.4725,-4.4421,81,76,59.54,1.83
Leh,IN,1667600782,34.1667,77.5833,56,57,31.8,1.9
Najrān,SA,1667600782,17.4924,44.1277,3,34,68.65,1.3
Tétouan,MA,1667600782,35.5711,-5.3724,20,73,68.77,4.61
Hofn,IS,1667600782,64.2539,-15.2082,97,73,39.2,7.83
Padang,ID,1667600563,-0.9492,100.3543,100,86,76.55,3.11
Kupang,ID,1667600783,-10.1667,123.5833,100,77,80.1,4.34
Scottsbluff,US,1667600783,41.8666,-103.6672,0,44,43.92,8.99
Udachny,RU,1667600783,66.4167,112.4,97,84,8.46,15.3
Bubaque,GW,1667600783,11.2833,-15.8333,75,55,85.39,4.45
Mahon,ES,1667600784,39.8885,4.2658,0,55,61.36,6.91
Shakawe,BW,1667600784,-18.3667,21.85,73,82,67.77,4.32
Empório,GR,1667600785,40.4833,21.55,98,57,55.29,5.19
Zhigansk,RU,1667600785,66.7697,123.3711,100,95,5.38,16.78
Kuril'sk,RU,1667600785,45.2333,147.8833,73,56,41.88,18.86
Mayahi,NE,1667600785,13.9553,7.6712,67,18,77.58,10.07
Bucak,TR,1667600785,37.4592,30.595,0,52,45.12,1.5
San Francisco,US,1667600786,37.7749,-122.4194,75,72,67.98,8.99
Yashkul',RU,1667600786,46.1711,45.3435,100,89,45.41,7.14
Palu,ID,1667600786,-0.8917,119.8707,95,94,75.02,2.86
Pombal,BR,1667600786,-6.7703,-37.8017,100,66,79.61,10.51
São Lourenço do Sul,BR,1667600647,-31.3653,-51.9783,34,73,60.46,9.95
Rosetta,EG,1667600787,31.4044,30.4164,9,58,67.87,2.35
Coyhaique,CL,1667600787,-45.5752,-72.0662,0,25,78.75,8.05
Zhigalovo,RU,1667600787,54.8097,105.1578,100,98,26.74,3.38
Teguise,ES,1667600787,29.0605,-13.564,20,73,66.42,9.22
Tomatlán,MX,1667600787,19.9333,-105.25,4,47,86.81,3.87
Acapulco de Juárez,MX,1667600787,16.8634,-99.8901,0,74,84.02,12.66
Tura,IN,1667600787,25.5198,90.2201,0,87,64.47,4.0
Amantea,IT,1667600788,39.1332,16.0746,100,57,66.25,5.44
Mae Hong Son,TH,1667600788,19.3003,97.9685,75,94,69.94,0.0
Araouane,ML,1667600788,18.9048,-3.5265,0,13,79.07,7.56
Pāli,IN,1667600788,25.7667,73.3333,25,31,74.91,6.24
Boyabat,TR,1667600788,41.4689,34.7667,59,87,48.65,1.05
Dickinson,US,1667600528,29.4608,-95.0513,100,86,83.12,16.11
Sungai Raya,ID,1667600789,0.7,108.9,100,79,76.77,3.56
Point Pedro,LK,1667600789,9.8167,80.2333,99,86,78.4,8.97
Goderich,CA,1667600634,43.7501,-81.7165,100,59,66.52,17.27
Camabatela,AO,1667600789,-8.1881,15.375,94,99,63.23,3.29
Sinnamary,GF,1667600789,5.3833,-52.95,100,83,78.1,5.55
Magistral'nyy,RU,1667600790,56.1725,107.4458,100,97,25.93,1.57
Rajapalaiyam,IN,1667600790,9.45,77.5667,100,84,75.06,1.28
Omsukchan,RU,1667600790,62.5333,155.8,100,96,8.71,7.4
Luangwa,ZM,1667600790,-15.6167,30.4167,50,65,76.89,3.04
Harrisburg,US,1667600790,40.2737,-76.8844,75,72,69.73,5.75
Yeniseysk,RU,1667600790,58.4497,92.1703,100,93,26.8,1.95
Dicabisagan,PH,1667600791,17.0818,122.4157,84,86,76.96,2.33
Port Lincoln,AU,1667600791,-34.7333,135.8667,74,69,61.68,11.1
Novobirilyussy,RU,1667600791,56.9514,90.6661,19,95,23.27,0.36
Jacmel,HT,1667600791,18.2342,-72.5347,20,80,82.24,0.92
Bilibino,RU,1667600792,68.0546,166.4372,20,83,-9.38,8.21
Acaraú,BR,1667600792,-2.8856,-40.12,43,82,79.16,10.87
Rocha,UY,1667600792,-34.4833,-54.3333,5,82,55.13,7.2
Deputatsky,RU,1667600792,69.3,139.9,54,87,-15.23,3.31
Road Town,VG,1667600792,18.4167,-64.6167,20,78,80.64,9.22
Coquimbo,CL,1667600792,-29.9533,-71.3436,0,72,58.73,11.5
Lieksa,FI,1667600793,63.3167,30.0167,91,88,38.19,8.39
Kouqian,CN,1667600793,43.6391,126.4578,3,55,27.59,7.27
Marabu,MY,1667600793,4.4148,114.0089,40,94,75.34,4.61
Hīt,IQ,1667600793,33.6416,42.8251,0,30,65.53,4.47
Celestún,MX,1667600794,20.8667,-90.4,72,59,87.4,11.7
Buala,SB,1667600794,-8.145,159.5921,46,72,83.79,3.4
Varāmīn,IR,1667600794,35.3242,51.6457,1,31,57.76,4.25
Bantry,IE,1667600526,51.6833,-9.45,100,94,54.79,13.73
Mount Gambier,AU,1667600794,-37.8333,140.7667,71,71,54.99,5.7
São João da Barra,BR,1667600577,-21.6403,-41.0511,5,70,69.89,12.28
Saint Anthony,US,1667600795,45.0205,-93.218,0,71,43.02,8.05
Port Blair,IN,1667600795,11.6667,92.75,64,71,78.3,6.46
Mizoch,UA,1667600795,50.4,26.15,68,80,40.48,8.57
Mosquera,CO,1667600795,4.7059,-74.2302,75,77,59.09,9.22
Piaçabuçu,BR,1667600796,-10.4056,-36.4344,100,95,72.91,9.69
Grand Gaube,MU,1667600796,-20.0064,57.6608,93,79,72.0,5.01
Sydney,AU,1667600710,-33.8679,151.2073,40,67,68.56,4.61
Samarai,PG,1667600796,-10.6167,150.6667,45,76,82.62,9.86
Mayskiy,RU,1667600796,47.6931,40.1025,100,87,38.61,3.02
Tabas,IR,1667600797,33.5959,56.9244,0,44,59.22,4.61
Edd,ER,1667600797,13.9297,41.6925,3,74,81.72,6.87
Tromsø,NO,1667600797,69.6496,18.957,0,93,36.37,3.44
Jaffna,LK,1667600798,9.6685,80.0074,93,88,77.56,9.17
Luk Pu,CN,1667600798,23.1742,112.2809,100,96,62.83,2.37
Santa Rosa,PH,1667600798,14.3122,121.1114,14,89,77.09,6.4
Kastamonu Province,TR,1667600769,41.5,33.6667,63,79,44.28,0.98
Pizarro,CO,1667600798,4.9533,-77.366,100,93,75.02,2.3
Mospyne,UA,1667600798,47.8908,38.064,79,86,41.72,3.53
Ghorāwal,IN,1667600799,24.7667,82.7833,0,62,66.36,2.77
Warrnambool,AU,1667600799,-38.3833,142.4833,1,78,54.46,8.86
Cockburn Town,TC,1667600799,21.4612,-71.1419,36,71,79.97,12.1
Shelburne,CA,1667600799,44.0787,-80.2041,100,66,63.9,17.76
Yong’an,CN,1667600799,39.6957,113.6871,0,47,32.95,2.26
Bucerías,MX,1667600799,20.75,-105.3333,0,70,84.97,9.22
Laibin,CN,1667600800,23.7,109.2667,100,48,67.62,10.94
Raudeberg,NO,1667600800,61.9875,5.1352,100,1,45.27,4.34
Serro,BR,1667600800,-18.6047,-43.3794,96,85,60.67,2.84
Ķegums,LV,1667600800,56.7451,24.7244,7,90,42.35,7.56
Nabire,ID,1667600800,-3.3667,135.4833,99,86,77.63,2.3
San Cristobal,VE,1667600800,7.7669,-72.225,100,84,73.58,4.5
Kolda,SN,1667600801,12.8833,-14.95,89,37,75.72,0.98
Wangaratta,AU,1667600801,-36.3667,146.3333,5,65,64.17,4.43
Lamu,KE,1667600801,-2.2717,40.902,94,84,79.02,10.18
Ponta Porã,BR,1667600801,-22.5361,-55.7256,0,46,71.51,4.61
Key Biscayne,US,1667600801,25.6937,-80.1628,75,69,80.62,8.05
Xai-Xai,MZ,1667600802,-25.0519,33.6442,100,82,74.39,8.9
Kānt,IN,1667600802,27.8,79.8,0,73,68.72,5.3
Pangnirtung,CA,1667600802,66.1451,-65.7125,100,62,14.0,9.22
Challapata,BO,1667600802,-18.9,-66.7667,0,6,62.37,8.01
Fort Nelson,CA,1667600802,58.8053,-122.7002,100,79,13.95,11.5
Coihueco,CL,1667600519,-36.6167,-71.8333,0,63,65.14,11.5
Hobyo,SO,1667600803,5.3505,48.5268,36,73,80.01,7.83
Karratha,AU,1667600803,-20.7377,116.8463,4,54,75.87,8.08
Esperance,AU,1667600803,-33.8667,121.9,1,72,58.78,12.21
Rafsanjān,IR,1667600643,30.4067,55.9939,10,52,60.6,8.01
Marsh Harbour,BS,1667600804,26.5412,-77.0636,2,64,78.89,19.39
Pandan,PH,1667600804,14.0453,124.1694,87,87,79.83,10.33
Kayes,ML,1667600804,14.0,-11.0,1,15,79.86,4.03
Khāsh,IR,1667600804,28.2211,61.2158,92,46,62.2,1.5
Mandalgovi,MN,1667600804,45.7625,106.2708,96,48,25.74,5.91
Berbera,SO,1667600805,10.4396,45.0143,8,76,80.83,6.73
Kendari,ID,1667600805,-3.945,122.4989,99,92,76.53,2.26
Ovalle,CL,1667600805,-30.5983,-71.2003,91,40,69.8,5.82
Kalakamati,BW,1667600805,-20.5929,27.3121,100,83,65.37,4.7
Kasongo-Lunda,CD,1667600805,-6.4667,16.8167,100,99,69.8,2.28
Ulaangom,MN,1667600805,49.9811,92.0667,100,89,23.97,2.01
Gelibolu,TR,1667600806,40.4103,26.6708,64,67,49.86,3.24
Kisiwani,TZ,1667600806,-4.1333,37.95,80,88,67.23,3.49
Formosa do Rio Preto,BR,1667600806,-11.0483,-45.1931,98,82,73.35,6.76
Chegdomyn,RU,1667600807,51.1167,133.0167,100,88,15.87,1.77
Drumheller,CA,1667600807,51.4617,-112.7101,63,80,24.13,10.36
Wattegama,LK,1667600807,6.7989,81.4808,100,96,73.11,2.59
Urucará,BR,1667600808,-2.5364,-57.76,96,70,80.37,2.1
Marawi,PH,1667600808,7.9986,124.2928,87,92,68.97,1.5
Ust'-Ilimsk,RU,1667600808,58.0006,102.6619,97,95,22.3,1.43
Bell Ville,AR,1667600808,-32.6259,-62.6887,95,19,78.67,11.74
Labuhan,ID,1667600808,-6.8844,112.2051,100,84,79.27,4.99
Oistins,BB,1667600809,13.0667,-59.5333,40,89,78.89,5.75
Wuchang,CN,1667600809,44.9143,127.15,35,54,27.32,12.1
Oulainen,FI,1667600809,64.2667,24.8,83,95,39.81,6.91
Takaka,NZ,1667600810,-40.85,172.8,2,47,63.55,2.86
Redcliffe,AU,1667600810,-27.2307,153.0973,40,64,72.21,9.22
Chernyshevskiy,RU,1667600810,63.0128,112.4714,99,95,11.97,5.5
Pascagoula,US,1667600810,30.3658,-88.5561,100,77,75.92,11.5
Hanzhong,CN,1667600732,33.0728,107.0303,95,89,53.6,2.3
Saint Andrews,US,1667600811,34.0454,-81.1293,75,65,78.89,6.91
Batemans Bay,AU,1667600811,-35.7167,150.1833,9,61,62.1,3.6
Santa Cruz de La Palma,ES,1667600811,28.6835,-17.7642,100,73,73.54,11.5
Evensk,RU,1667600812,61.95,159.2333,100,92,21.11,29.75
Shiyan,CN,1667600812,32.6475,110.7781,94,90,50.14,0.36
Anori,BR,1667600812,-3.7728,-61.6442,98,69,79.5,1.32
Paracatu,BR,1667600812,-17.2222,-46.8747,99,70,67.08,1.92
Raja,SS,1667600812,8.4596,25.678,39,42,74.53,2.01
Omboué,GA,1667600813,-1.5746,9.2618,96,85,76.96,3.89
Ulladulla,AU,1667600813,-35.35,150.4667,22,62,63.86,5.53
Flin Flon,CA,1667600813,54.7682,-101.865,100,86,26.44,13.8
Talisay City,PH,1667600813,10.2447,123.8494,40,89,78.82,5.75
Kununurra,AU,1667600813,-15.7667,128.7333,59,83,78.78,8.05
Ahipara,NZ,1667600814,-35.1667,173.1667,2,64,64.78,10.09
Ontario,US,1667600814,34.0633,-117.6509,75,28,71.73,10.36
Kargasok,RU,1667600814,59.0556,80.8572,100,84,27.73,8.7
Schwabach,DE,1667600814,49.3292,11.0256,75,86,46.51,2.3
Forsytheganj,BY,1667600814,52.6333,29.7333,19,95,36.27,6.53
Aranos,NA,1667600815,-24.1333,19.1167,0,12,70.07,12.41
